time,NB,epsilon,mean_X,var_X,kappa3_X,kappa3_F,gamma1_F,NB_gamma1
0.25,4,0.5,7.2351391641e-06,0.4679199128,-3.0389381734e-08,-1.5194690867e-08,-4.7471677414e-08,-1.8988670966e-07
0.25,8,0.35355339059327373,5.1160159658e-06,0.4679199128,-2.1488537898e-08,-7.5973454328e-09,-2.3735838705e-08,-1.8988670964e-07
0.25,16,0.25,3.6175695821e-06,0.4679199128,-1.5194690984e-08,-3.7986727460e-09,-1.1867919445e-08,-1.8988671112e-07
0.25,32,0.17677669529663687,2.5580079830e-06,0.4679199128,-1.0744269124e-08,-1.8993363892e-09,-5.9339597729e-09,-1.8988671273e-07
0.25,64,0.125,1.8087847911e-06,0.4679199128,-7.5973454689e-09,-9.4966818362e-10,-2.9669798522e-09,-1.8988671054e-07
0.25,128,0.08838834764831843,1.2790039915e-06,0.4679199128,-5.3721345698e-09,-4.7483409797e-10,-1.4834899453e-09,-1.8988671300e-07
0.5,4,0.5,2.1053675280e-04,0.4679199048,-3.4173473668e-06,-1.7086736834e-06,-5.3382861600e-06,-2.1353144640e-05
0.5,8,0.35355339059327373,1.4887196560e-04,0.4679199050,-2.4164294975e-06,-8.5433684196e-07,-2.6691430798e-06,-2.1353144638e-05
0.5,16,0.25,1.0526837641e-04,0.4679199050,-1.7086736842e-06,-4.2716842106e-07,-1.3345715399e-06,-2.1353144638e-05
0.5,32,0.17677669529663687,7.4435982801e-05,0.4679199051,-1.2082147490e-06,-2.1358421054e-07,-6.6728576992e-07,-2.1353144637e-05
0.5,64,0.125,5.2634188203e-05,0.4679199051,-8.5433684228e-07,-1.0679210528e-07,-3.3364288498e-07,-2.1353144639e-05
0.5,128,0.08838834764831843,3.7217991401e-05,0.4679199051,-6.0410737453e-07,-5.3396052637e-08,-1.6682144247e-07,-2.1353144636e-05
0.75,4,0.5,1.4379898382e-03,0.4679198813,-4.9083577346e-05,-2.4541788673e-05,-7.6674149058e-05,-3.0669659623e-04
0.75,8,0.35355339059327373,1.0168123682e-03,0.4679198936,-3.4707331622e-05,-1.2270894774e-05,-3.8337074389e-05,-3.0669659511e-04
0.75,16,0.25,7.1899492159e-04,0.4679198997,-2.4541789984e-05,-6.1354474960e-06,-1.9168537160e-05,-3.0669659455e-04
0.75,32,0.17677669529663687,5.0840618499e-04,0.4679199028,-1.7353666275e-05,-3.0677237753e-06,-9.5842685711e-06,-3.0669659427e-04
0.75,64,0.125,3.5949746111e-04,0.4679199043,-1.2270895156e-05,-1.5338618945e-06,-4.7921342833e-06,-3.0669659413e-04
0.75,128,0.08838834764831843,2.5420309261e-04,0.4679199051,-8.6768331954e-06,-7.6693094896e-07,-2.3960671412e-06,-3.0669659407e-04
1.0,4,0.5,5.3878577360e-03,0.4679193210,-2.9715498074e-04,-1.4857749037e-04,-4.6419082394e-04,-1.8567632958e-03
1.0,8,0.35355339059327373,3.8097909680e-03,0.4679196174,-2.1012048675e-04,-7.4288810523e-05,-2.3209539561e-04,-1.8567631649e-03
1.0,16,0.25,2.6939291085e-03,0.4679197655,-1.4857768638e-04,-3.7144421596e-05,-1.1604769371e-04,-1.8567630994e-03
1.0,32,0.17677669529663687,1.9048955690e-03,0.4679198396,-1.0506031267e-04,-1.8572214881e-05,-5.8023845834e-05,-1.8567630667e-03
1.0,64,0.125,1.3469645843e-03,0.4679198767,-7.4288867693e-05,-9.2861084616e-06,-2.9011922661e-05,-1.8567630503e-03
1.0,128,0.08838834764831843,9.5244779515e-04,0.4679198952,-5.2530165000e-05,-4.6430544860e-06,-1.4505961267e-05,-1.8567630421e-03
